Comment ID,Channel ID,Comment Create Timestamp,Price,Parent Comment ID,Post ID,Video ID,Comment Text,Top-Level Comment ID
Ugx67seW-6v0hTKY0N94AaABAg.98LFcK0gf-X98NtglV3cSd,UCbClSOItOom1IT8ZLKnZYEA,2020-05-08T03:46:57.180723+00:00,0,Ugx67seW-6v0hTKY0N94AaABAg,,vStFQUuYcsY,"{""text"":""Always on the hunt""}",Ugx67seW-6v0hTKY0N94AaABAg
UgwfaUNf0aTAKewFjOp4AaABAg.98KYDTS3TDY98NtdyCBu2O,UCbClSOItOom1IT8ZLKnZYEA,2020-05-08T03:46:34.240176+00:00,0,UgwfaUNf0aTAKewFjOp4AaABAg,,RBvdaw5KiYA,"{""text"":""Chopsticks with everything!!""}",UgwfaUNf0aTAKewFjOp4AaABAg
Ugxw7C6WLmtRFbeacad4AaABAg.98LFSGogWn798Ntb2sB-0A,UCbClSOItOom1IT8ZLKnZYEA,2020-05-08T03:46:10.405507+00:00,0,Ugxw7C6WLmtRFbeacad4AaABAg,,ZFAZ5a8zLCs,"{""text"":""kitty is the only person that eats with me!""}",Ugxw7C6WLmtRFbeacad4AaABAg
UgxVkG7PVCr1fwKNfQd4AaABAg.98-ORLuT_q198LUMlvU5xQ,UCbClSOItOom1IT8ZLKnZYEA,2020-05-07T05:18:24.8711+00:00,0,UgxVkG7PVCr1fwKNfQd4AaABAg,,SOnAnCvj8to,"{""text"":""Phat beats""}",UgxVkG7PVCr1fwKNfQd4AaABAg
Ugw_N6j2n8Mjjn4U6iV4AaABAg.98GHmGjLpLW98HOd4iKjsc,UCbClSOItOom1IT8ZLKnZYEA,2020-05-05T15:11:23.194445+00:00,0,Ugw_N6j2n8Mjjn4U6iV4AaABAg,,MJxdISyJ52w,"{""text"":""Don‚Äôt knock it till you try it!!""}",Ugw_N6j2n8Mjjn4U6iV4AaABAg
UgwfJ05hhQ-hY1zWz3V4AaABAg.98DjaJQoUxu98Eas_hD9A0,UCbClSOItOom1IT8ZLKnZYEA,2020-05-04T13:09:22.65344+00:00,0,UgwfJ05hhQ-hY1zWz3V4AaABAg,,ZWH35_kDiGY,"{""text"":""I was actually thinking about this one a lot lol""}",UgwfJ05hhQ-hY1zWz3V4AaABAg
UgyjkeWxvEJKQxbvIOh4AaABAg,UCbClSOItOom1IT8ZLKnZYEA,2020-05-04T05:06:06.513492+00:00,0,,,ZWH35_kDiGY,"{""text"":""Answer here people!! ""},{""text"":""\n""},{""text"":""http://www.polljunkie.com/poll/ypqean/100-sub-special"",""link"":{""linkUrl"":""http://www.polljunkie.com/poll/ypqean/100-sub-special""}}",
Ugx9_kLrNMkknJdtqd94AaABAg,UCbClSOItOom1IT8ZLKnZYEA,2020-05-04T01:36:49.550596+00:00,0,,,N0ww510OVsY,"{""text"":""Lil wiz khalifa""}",
UgyQvpILhoC1FRGlejN4AaABAg.985oQAJfPr098B8KJ0yyEh,UCbClSOItOom1IT8ZLKnZYEA,2020-05-03T04:53:26.020783+00:00,0,UgyQvpILhoC1FRGlejN4AaABAg,,4FHrrUhuLPI,"{""text"":""Quoc Nguyen hola""}",UgyQvpILhoC1FRGlejN4AaABAg
Ugyzv4y0Z-_SfCCvcgp4AaABAg,UCbClSOItOom1IT8ZLKnZYEA,2020-05-02T19:54:45.539308+00:00,0,,,KjYCh2an8fc,"{""text"":""Lyrics:""},{""text"":""\n""},{""text"":""\n""},{""text"":""Intro:""},{""text"":""\n""},{""text"":""Aye you know what's crazy?""},{""text"":""\n""},{""text"":""When a bitch die, like you ain't ever gonna see them again""},{""text"":""\n""},{""text"":""\n""},{""text"":""\n""},{""text"":""(Chorus 2x)""},{""text"":""\n""},{""text"":""Don't need time cause time waiting on nobody""},{""text"":""\n""},{""text"":""3.5 I'm rolling to get my lungs right""},{""text"":""\n""},{""text"":""It seem like the gun fight the fun life""},{""text"":""\n""},{""text"":""Ain't no love light, all these bitches wanna fuck right""},{""text"":""\n""},{""text"":""\n""},{""text"":""(Verse)""},{""text"":""\n""},{""text"":""I'm a Z, brah, thought real niggas never die""},{""text"":""\n""},{""text"":""Gotta sleep tight, cause people ain't waking up now""},{""text"":""\n""},{""text"":""I knew my nigga made it to heaven I know it""},{""text"":""\n""},{""text"":""Wish I could call the phone and tell him how its going""},{""text"":""\n""},{""text"":""And this glock look good with every outfit""},{""text"":""\n""},{""text"":""I wanna put my nigga on but he ain't out yet""},{""text"":""\n""},{""text"":""I got em feenin for a song I just dropped last year (aye)""},{""text"":""\n""},{""text"":""\n""},{""text"":""When it's dark clouds you just gotta let it (rain)""},{""text"":""\n""},{""text"":""Gotta let it rain, let a nigga run up on me I'ma let it rain""},{""text"":""\n""},{""text"":""\n""},{""text"":""Before I love one of these hoes, I'ma love the bank""},{""text"":""\n""},{""text"":""Ain't lovin on no lady, double 0 lil baby, gang shit""},{""text"":""\n""},{""text"":""MmMmm, Runnin with a K yeh""},{""text"":""\n""},{""text"":""MmMmm, Runnin from the jakes yeh""},{""text"":""\n""},{""text"":""MmMmm, Cause they tryna catch a case yeh MmMmm""},{""text"":""\n""},{""text"":""\n""},{""text"":""\n""},{""text"":""(outro)""},{""text"":""\n""},{""text"":""Long Live my Z man, rest up a mofuckin soldier man""},{""text"":""\n""},{""text"":""Paper chasin hatian I'm tellin you, this shit real""},{""text"":""\n""},{""text"":""Double 0 baby, ain't lovin on no lady, none of that, you feel me?""},{""text"":""\n""},{""text"":""CUT THE FAN OFF""},{""text"":""\n""},{""text"":""\n""},{""text"":""\n""},{""text"":""(Chorus)\r""},{""text"":""\n""},{""text"":""Don't need time cause time waiting on nobody\r""},{""text"":""\n""},{""text"":""3.5 I'm rolling to get my lungs right\r""},{""text"":""\n""},{""text"":""It seem like the gun fight the fun life\r""},{""text"":""\n""},{""text"":""Ain't no love light, all these bitches wanna fuck right""},{""text"":""\n""},{""text"":""MmMmm, Runnin with a K yeh\r""},{""text"":""\n""},{""text"":""MmMmm, Runnin from the jakes yeh\r""},{""text"":""\n""},{""text"":""MmMmm, Cause they tryna catch a case yeh MmMmm""}",
UgyLKM1tGqUk5RvCkNh4AaABAg.989rAIJjVbk989xjL93O3j,UCbClSOItOom1IT8ZLKnZYEA,2020-05-02T17:52:53.38926+00:00,0,UgyLKM1tGqUk5RvCkNh4AaABAg,,NOmVJ6Gkc7U,"{""text"":""Domingas Lifestyle welcome to the channel and thank you!!!""}",UgyLKM1tGqUk5RvCkNh4AaABAg
UgxY15dl6KBzF5lRl414AaABAg,UCbClSOItOom1IT8ZLKnZYEA,2020-05-01T23:05:13.918297+00:00,0,,,843Lkl-4ww4,"{""text"":""I fuck with this hard""}",
UgyBhAJpHPI8UK57usN4AaABAg.986AkX3m2xS987IKUgdqtE,UCbClSOItOom1IT8ZLKnZYEA,2020-05-01T17:03:52.664509+00:00,0,UgyBhAJpHPI8UK57usN4AaABAg,,lxTW2WoJCGo,"{""text"":""Gavin Tran OOF""}",UgyBhAJpHPI8UK57usN4AaABAg
UgymaiLIvjqUkBSWHHl4AaABAg,UCbClSOItOom1IT8ZLKnZYEA,2020-05-01T01:34:02.351904+00:00,0,,,lxTW2WoJCGo,"{""text"":""CAN VEGANS EAT ONIONS???!!!!""}",
Ugzo5_Iq5l0OQI3p19B4AaABAg.983O3ZO7D_x983OGNOBiXT,UCbClSOItOom1IT8ZLKnZYEA,2020-04-30T04:38:46.966015+00:00,0,Ugzo5_Iq5l0OQI3p19B4AaABAg,,QxSMDUAXLCE,"{""text"":""Have one but audio devices don‚Äôt allow usb connection :(""}",Ugzo5_Iq5l0OQI3p19B4AaABAg
UgwVtnuIrTWFdXY72Yh4AaABAg.980gTNKJRo3980sthi4Kx3,UCbClSOItOom1IT8ZLKnZYEA,2020-04-29T05:17:27.003863+00:00,0,UgwVtnuIrTWFdXY72Yh4AaABAg,,62DCDBde6Fo,"{""text"":""üòÖ""}",UgwVtnuIrTWFdXY72Yh4AaABAg
UgzMiUHxzgiepboY3jV4AaABAg,UCbClSOItOom1IT8ZLKnZYEA,2020-04-29T03:13:53.437313+00:00,0,,,62DCDBde6Fo,"{""text"":""We're nearing 100 subs people""}",
Ugzx-8QvKX1DjEZHBh54AaABAg.97z9SNX7zES97zDZgDH6mT,UCbClSOItOom1IT8ZLKnZYEA,2020-04-28T04:29:05.815542+00:00,0,Ugzx-8QvKX1DjEZHBh54AaABAg,,aHf67h9_Huc,"{""text"":""whoseyouraaron take it!! lmk if you make any improvements :-)""}",Ugzx-8QvKX1DjEZHBh54AaABAg
Ugy8XyO2-Xoe3uWr2YR4AaABAg.97z2m4QMrLm97z4Wq_nhWm,UCbClSOItOom1IT8ZLKnZYEA,2020-04-28T03:10:03.975092+00:00,0,Ugy8XyO2-Xoe3uWr2YR4AaABAg,,aHf67h9_Huc,"{""text"":""would be off beat""}",Ugy8XyO2-Xoe3uWr2YR4AaABAg
UgwJaaoNyEovp_EZ4Jl4AaABAg.97wNV5c2fTR97wQkpBqemB,UCbClSOItOom1IT8ZLKnZYEA,2020-04-27T02:26:37.71768+00:00,0,UgwJaaoNyEovp_EZ4Jl4AaABAg,,sxH0NQi0id4,"{""text"":""Traveling around a fence""}",UgwJaaoNyEovp_EZ4Jl4AaABAg
UgygCeoJuu4ZTbdmDzN4AaABAg,UCbClSOItOom1IT8ZLKnZYEA,2020-04-24T21:11:45.019489+00:00,0,,,ZengOKCUBHo,"{""text"":""R.i.P JUICE. LONG LIVE ONE OF THE GREATEST OF THIS GENERATION.""}",
UgzJY50k9UUdCfTNbqt4AaABAg.97jW6aGBwEj97qeT96HXSu,UCbClSOItOom1IT8ZLKnZYEA,2020-04-24T20:39:42.465101+00:00,0,UgzJY50k9UUdCfTNbqt4AaABAg,,4FHrrUhuLPI,"{""text"":""I wasn't even in my final form""}",UgzJY50k9UUdCfTNbqt4AaABAg
UgwBRvrQKswh8EEtewh4AaABAg.97qEwZG5h-o97qGDzWEmro,UCbClSOItOom1IT8ZLKnZYEA,2020-04-24T16:59:11.040614+00:00,0,UgwBRvrQKswh8EEtewh4AaABAg,,vStFQUuYcsY,"{""text"":""not this time""}",UgwBRvrQKswh8EEtewh4AaABAg
Ugx6XackNP3nBfEmBD14AaABAg.97L0or5ksjk97nj6L_O0Mh,UCbClSOItOom1IT8ZLKnZYEA,2020-04-23T17:22:33.769536+00:00,0,Ugx6XackNP3nBfEmBD14AaABAg,,xrFeqlgCESo,"{""text"":""I think he uses a tablespoon! Tsp made me think it was teaspoon. Thanks for writing this down""}",Ugx6XackNP3nBfEmBD14AaABAg
UgyZJxM2hzYyR99N0I54AaABAg.97mW6028aWC97nKvF7GQmt,UCbClSOItOom1IT8ZLKnZYEA,2020-04-23T13:42:27.457035+00:00,0,UgyZJxM2hzYyR99N0I54AaABAg,, -ksOXve-tKE,"{""text"":""Mama always told me to eat my veggies""}",UgyZJxM2hzYyR99N0I54AaABAg
Ugwt95MHRkgwl1k3hDF4AaABAg.97m4Z8SijuK97m6BXgyx7r,UCbClSOItOom1IT8ZLKnZYEA,2020-04-23T02:14:30.344464+00:00,0,Ugwt95MHRkgwl1k3hDF4AaABAg,, -ksOXve-tKE,"{""text"":""hmmmm""}",Ugwt95MHRkgwl1k3hDF4AaABAg
Ugzy9OKER8TAx4wciwZ4AaABAg.97m-xaZACNP97m2vZgDCiR,UCbClSOItOom1IT8ZLKnZYEA,2020-04-23T01:45:58.487768+00:00,0,Ugzy9OKER8TAx4wciwZ4AaABAg,, -ksOXve-tKE,"{""text"":""Ajit Assi üò≥""}",Ugzy9OKER8TAx4wciwZ4AaABAg
Ugy6BHgTL3fz0aFhco14AaABAg,UCbClSOItOom1IT8ZLKnZYEA,2020-04-22T20:50:37.169386+00:00,0,,,M7f-P6JaWSA,"{""text"":""this dude is such a baller""}",
UgzPaSHn82tzlynPRF14AaABAg.97jSLvs0wSR97krQJZEVfL,UCbClSOItOom1IT8ZLKnZYEA,2020-04-22T14:37:28.382641+00:00,0,UgzPaSHn82tzlynPRF14AaABAg,,k4d2a860SD0,"{""text"":""Sunny Frisky thanks üòä""}",UgzPaSHn82tzlynPRF14AaABAg
Ugx0q91jcM-Stw9Z0vd4AaABAg.97jV09Tn2Az97krPDDZU9Q,UCbClSOItOom1IT8ZLKnZYEA,2020-04-22T14:37:19.384322+00:00,0,Ugx0q91jcM-Stw9Z0vd4AaABAg,,k4d2a860SD0,"{""text"":""Thank you""}",Ugx0q91jcM-Stw9Z0vd4AaABAg
UgxWJdnOmQoWsKUr8rR4AaABAg.97dLjlzG7Et97eZqFVEzIP,UCbClSOItOom1IT8ZLKnZYEA,2020-04-20T03:59:40.930504+00:00,0,UgxWJdnOmQoWsKUr8rR4AaABAg,,4FHrrUhuLPI,"{""text"":"":p""}",UgxWJdnOmQoWsKUr8rR4AaABAg
Ugzb8AoTcrHuman1va54AaABAg.97dNkTP081I97eZomJrG0h,UCbClSOItOom1IT8ZLKnZYEA,2020-04-20T03:59:28.925358+00:00,0,Ugzb8AoTcrHuman1va54AaABAg,,4FHrrUhuLPI,"{""text"":""hell yeh""}",Ugzb8AoTcrHuman1va54AaABAg
UgxRlXExB6kOxRDMyXN4AaABAg.97bnsewju7s97dEgug5AiB,UCbClSOItOom1IT8ZLKnZYEA,2020-04-19T15:35:39.989892+00:00,0,UgxRlXExB6kOxRDMyXN4AaABAg,,4FHrrUhuLPI,"{""text"":""Clairetyyy  I keep that thang on me at all times! üòá""}",UgxRlXExB6kOxRDMyXN4AaABAg
UgwZTg7kQRjiM8PTwIB4AaABAg.97bahNpfznS97dEb8Ni086,UCbClSOItOom1IT8ZLKnZYEA,2020-04-19T15:34:52.708743+00:00,0,UgwZTg7kQRjiM8PTwIB4AaABAg,,4FHrrUhuLPI,"{""text"":""Elise Eng my soul definitely didn‚Äôt feel clean after that Hennessy. üòà""}",UgwZTg7kQRjiM8PTwIB4AaABAg
UgwfS4247hyAO4cxj5V4AaABAg,UCbClSOItOom1IT8ZLKnZYEA,2020-04-18T15:03:07.933994+00:00,0,,,jiMdgbUe5Ms,"{""text"":""GOAT TALK""}",
UgxoMZg_CYJXAWYsqFt4AaABAg.97XGyeI_Xmn97XK9pNnK3m,UCbClSOItOom1IT8ZLKnZYEA,2020-04-16T23:08:45.479676+00:00,0,UgxoMZg_CYJXAWYsqFt4AaABAg,,OTS808LDypY,"{""text"":""HAHAH oh""}",UgxoMZg_CYJXAWYsqFt4AaABAg
UgxxnWJm9prv93kaPoJ4AaABAg.97XFVYcAnMZ97XK7yeE_0r,UCbClSOItOom1IT8ZLKnZYEA,2020-04-16T23:08:30.289829+00:00,0,UgxxnWJm9prv93kaPoJ4AaABAg,,OTS808LDypY,"{""text"":""Still working on becoming a boba master. For now variety is nice :)))""}",UgxxnWJm9prv93kaPoJ4AaABAg
UgztMEhgaqEfPfmC5Fx4AaABAg.97V1MLaGhTk97V1vUhErVy,UCbClSOItOom1IT8ZLKnZYEA,2020-04-16T01:50:53.779205+00:00,0,UgztMEhgaqEfPfmC5Fx4AaABAg,,TElkuN3d_E0,"{""text"":""La familia and a couple lucky neighbors ;)""}",UgztMEhgaqEfPfmC5Fx4AaABAg
UgzaO_lQokWZdnaaXBF4AaABAg,UCbClSOItOom1IT8ZLKnZYEA,2020-04-16T00:20:33.635038+00:00,0,,,7y9BbD4pgBw,"{""text"":""Would you prefer two in one or like this?""}",
UgynIaoUwalE7noS04d4AaABAg.97URVc2estF97UsYWWk1E4,UCbClSOItOom1IT8ZLKnZYEA,2020-04-16T00:20:14.534681+00:00,0,UgynIaoUwalE7noS04d4AaABAg,,7y9BbD4pgBw,"{""text"":""Sunny Frisky dun dun dun....""}",UgynIaoUwalE7noS04d4AaABAg
UgydHIN1mejmyHhaNf54AaABAg.97UOJ97UHTV97UsWtneAAx,UCbClSOItOom1IT8ZLKnZYEA,2020-04-16T00:20:01.202199+00:00,0,UgydHIN1mejmyHhaNf54AaABAg,,7y9BbD4pgBw,"{""text"":""Clairetyyy the question real is... are you ready ?""}",UgydHIN1mejmyHhaNf54AaABAg
Ugx_l4AIF9ms1YHblnp4AaABAg.97UmT4zzZ1s97Us9Hbowi3,UCbClSOItOom1IT8ZLKnZYEA,2020-04-16T00:16:47.813618+00:00,0,Ugx_l4AIF9ms1YHblnp4AaABAg,,TElkuN3d_E0,"{""text"":""Damn right""}",Ugx_l4AIF9ms1YHblnp4AaABAg
UgxVtUPauq2VInS0N9B4AaABAg.97Ry-9YLP9497SVZI6xoK-,UCbClSOItOom1IT8ZLKnZYEA,2020-04-15T02:12:09.101827+00:00,0,UgxVtUPauq2VInS0N9B4AaABAg,,3Ga-lxVTSjY,"{""text"":""Tristan Chu thank you brother üôèüèº""}",UgxVtUPauq2VInS0N9B4AaABAg
UgyBWvl2CPInIiitSup4AaABAg.97S-PQ_biL797SVXl-41PX,UCbClSOItOom1IT8ZLKnZYEA,2020-04-15T02:11:56.539945+00:00,0,UgyBWvl2CPInIiitSup4AaABAg,,3Ga-lxVTSjY,"{""text"":""Sounds like a plan""}",UgyBWvl2CPInIiitSup4AaABAg
Ugzb9lKGdS7Go0yqNHR4AaABAg.97QJZkjiwCn97RcvmuGNf9,UCbClSOItOom1IT8ZLKnZYEA,2020-04-14T18:06:01.455579+00:00,0,Ugzb9lKGdS7Go0yqNHR4AaABAg,,3Ga-lxVTSjY,"{""text"":"":o""}",Ugzb9lKGdS7Go0yqNHR4AaABAg
UgwV4GMGuKxIZhbFNrh4AaABAg.978gNd73LZp97Nl6Wi9NMH,UCbClSOItOom1IT8ZLKnZYEA,2020-04-13T06:00:34.120017+00:00,0,UgwV4GMGuKxIZhbFNrh4AaABAg,,h01TFBmQ5yI,"{""text"":""Majae The Don no homo""}",UgwV4GMGuKxIZhbFNrh4AaABAg
UgwJA3raVDgGJ6gMJ194AaABAg.97NFLWuqFCx97NH0h5tsgo,UCbClSOItOom1IT8ZLKnZYEA,2020-04-13T01:28:53.505583+00:00,0,UgwJA3raVDgGJ6gMJ194AaABAg,,uBHjd7sLBQg,"{""text"":""Clairetyyy chicken wang ain‚Äôt a thang. I gotchuuuu""}",UgwJA3raVDgGJ6gMJ194AaABAg
UgxRp_d_0HeL00ZB8Zh4AaABAg.97IFDZV1e8b97IQtrvZKR2,UCbClSOItOom1IT8ZLKnZYEA,2020-04-11T04:19:00.066786+00:00,0,UgxRp_d_0HeL00ZB8Zh4AaABAg,,A4gN4KuVVwA,"{""text"":""Alexander Nguyen appreciate the support my guy. ‚úä""}",UgxRp_d_0HeL00ZB8Zh4AaABAg
Ugz8grl-_EY6g6dQHSN4AaABAg.97IOkHh9krn97IQpK-n4mp,UCbClSOItOom1IT8ZLKnZYEA,2020-04-11T04:18:22.80229+00:00,0,Ugz8grl-_EY6g6dQHSN4AaABAg,,A4gN4KuVVwA,"{""text"":""Ajit Assi üòÇüòÇ what ??""}",Ugz8grl-_EY6g6dQHSN4AaABAg
UgzDL9Q3uH3R13qHrLd4AaABAg,UCbClSOItOom1IT8ZLKnZYEA,2020-04-11T00:15:43.166201+00:00,0,,,A4gN4KuVVwA,"{""text"":""New game idea""},{""text"":""\n""},{""text"":""\n""},{""text"":""\n""},{""text"":""\n""},{""text"":""\n""},{""text"":""\n""},{""text"":""take a shot every time I say ‚Äúto be honest with you.‚Äù""}",
UgxvbTqeMn7nZL_ahtZ4AaABAg,UCbClSOItOom1IT8ZLKnZYEA,2020-04-02T17:53:12.706488+00:00,0,,,36v1XsFOWRE,"{""text"":""Nobody: ""},{""text"":""\n""},{""text"":""\n""},{""text"":""Quang: Come on... Yell it out!! A nice ""},{""text"":""_____""},{""text"":"" ?????""},{""text"":""\n""},{""text"":""Me: NICE SOFT DOUGH. OMFGFGJSOJFDJHAHDSOJHF""}",
Ugy3OxjsfbFkis-wA9N4AaABAg.95xJclHoazv95z2Npigvcq,UCbClSOItOom1IT8ZLKnZYEA,2020-03-09T09:48:34.215872+00:00,0,Ugy3OxjsfbFkis-wA9N4AaABAg.95xJclHoazv95y44gMR_Jj,,EEyGt8PFcbk,"{""text"":""LazySingh v""}",Ugy3OxjsfbFkis-wA9N4AaABAg
UgyzN6nBJfQTeZwTe7d4AaABAg.95s2ST2-zxp95sJN8c5K1W,UCbClSOItOom1IT8ZLKnZYEA,2020-03-06T19:02:20.462843+00:00,0,UgyzN6nBJfQTeZwTe7d4AaABAg,,EtImhRShqUI,"{""text"":""I 4th this""}",UgyzN6nBJfQTeZwTe7d4AaABAg
UgyzSls_YCiQ9_-t9Hp4AaABAg,UCbClSOItOom1IT8ZLKnZYEA,2020-03-04T20:35:05.82195+00:00,0,,,Bl-t2jkSecY,"{""text"":""make a diss, diss-appear OK""}",
Ugwkxxq6hEnUjuw4Myd4AaABAg,UCbClSOItOom1IT8ZLKnZYEA,2020-02-18T01:53:31.13939+00:00,0,,,7p9bSzqv9yg,"{""text"":""4:11"",""videoLink"":{""externalVideoId"":""7p9bSzqv9yg"",""startTimeSeconds"":251}},{""text"":"" ‚ÄúI love hoes‚Äù""}",
UgycD6Hh8GIzcm-Rs_h4AaABAg,UCbClSOItOom1IT8ZLKnZYEA,2020-02-04T00:03:58.535577+00:00,0,,,Fye1PfFAx3Q,"{""text"":""Forever legendary""}",
UgwMdYZmewTYeGbfmm14AaABAg.931sU0aaEgP934wg6atnFB,UCbClSOItOom1IT8ZLKnZYEA,2019-12-28T12:30:32.254293+00:00,0,UgwMdYZmewTYeGbfmm14AaABAg.931sU0aaEgP934VvxC59Jw,,CeRja10nfpo,"{""text"":""Caroline CC this channel will get the recognition it deserves""}",UgwMdYZmewTYeGbfmm14AaABAg
UgzTdTCMjfBVALu7ZS14AaABAg,UCbClSOItOom1IT8ZLKnZYEA,2019-12-27T11:06:20.4296+00:00,0,,,2Y00A54uyXk,"{""text"":""So don't give up on what‚ÄÖwe‚ÄÖhave""},{""text"":""\n""},{""text"":""Before it's too‚ÄÖlate""}",
UgxDAyxY2HTSfS6Ut514AaABAg,UCbClSOItOom1IT8ZLKnZYEA,2019-12-27T11:01:40.624925+00:00,0,,,2Y00A54uyXk,"{""text"":""fire""}",
UgwMdYZmewTYeGbfmm14AaABAg,UCbClSOItOom1IT8ZLKnZYEA,2019-12-27T07:56:04.685938+00:00,0,,,CeRja10nfpo,"{""text"":""Pop off!!!""}",
UgwHzpQAIaTpJc-9LX54AaABAg,UCbClSOItOom1IT8ZLKnZYEA,2019-12-23T06:54:57.530708+00:00,0,,,d7eJUe_I7J4,"{""text"":""That pork shoulder looks like steak!! woooooah""}",
UgwJNvGGCBOLFuyhHCN4AaABAg,UCbClSOItOom1IT8ZLKnZYEA,2019-12-18T23:05:08.498775+00:00,0,,,vEn-tZa1vAQ,"{""text"":""My guy really said, \""They have a lover affair for brisket. They put a ring on it!\"" DEAD""}",
UgyAxXLjU6lYA2vuO-h4AaABAg,UCbClSOItOom1IT8ZLKnZYEA,2019-12-16T22:14:17.086296+00:00,0,,,7yROrFspbAA,"{""text"":""Learn to be friends with the ghost. Or get a ouijie board and put it to rest.""}",
UgzTQMPfh4Oa8cHK2NN4AaABAg.92baUF_YRdI92c1k3QHt29,UCbClSOItOom1IT8ZLKnZYEA,2019-12-16T21:46:17.377701+00:00,0,UgzTQMPfh4Oa8cHK2NN4AaABAg.92baUF_YRdI92bauK8QYK9,,X5f1ndreiF4,"{""text"":""BADBOYONE it was a joke. hahah""}",UgzTQMPfh4Oa8cHK2NN4AaABAg
UgzTQMPfh4Oa8cHK2NN4AaABAg,UCbClSOItOom1IT8ZLKnZYEA,2019-12-16T17:39:19.755539+00:00,0,,,X5f1ndreiF4,"{""text"":""No views, 26 likes""}",
UgxeGYgHI0qNy0kz8-N4AaABAg,UCbClSOItOom1IT8ZLKnZYEA,2019-11-03T15:48:19.473505+00:00,0,,,Fr47_M0va34,"{""text"":""This that heat boi""}",
Ugxg9Voee9uaEZOC-7l4AaABAg,UCbClSOItOom1IT8ZLKnZYEA,2019-09-17T08:18:47.657992+00:00,0,,,4KElR_82mLU,"{""text"":""vibey""}",
Ugx2YGZbCjEtxIKASMZ4AaABAg,UCbClSOItOom1IT8ZLKnZYEA,2019-09-08T15:26:03.140832+00:00,0,,,j-0wDKbCYL4,"{""text"":""21 Intersection""}",
Ugx1QXcP2ozpIa8sHTl4AaABAg.8iqbgtrhArW8za-DTuWHkO,UCbClSOItOom1IT8ZLKnZYEA,2019-09-07T16:40:10.127771+00:00,0,Ugx1QXcP2ozpIa8sHTl4AaABAg,,vQH7VgCWdTQ,"{""text"":""Buds Man naw bruh I‚Äôm in a legal state you gonna get mearrested""}",Ugx1QXcP2ozpIa8sHTl4AaABAg
UgwkLzmqVAdj8zyjZut4AaABAg,UCbClSOItOom1IT8ZLKnZYEA,2019-09-06T05:39:12.972191+00:00,0,,,A2rXxvQJGu4,"{""text"":""At ""},{""text"":""6:23"",""videoLink"":{""externalVideoId"":""A2rXxvQJGu4"",""startTimeSeconds"":383}},{""text"":"" hit em with the ‚Äòya know what I‚Äôm sayin?‚Äô You hood asian""}",
UgxYb0MzzniA2Aa1d5N4AaABAg.8zWoH16fNlP8zXEaI4Rj4I,UCbClSOItOom1IT8ZLKnZYEA,2019-09-06T05:37:31.894015+00:00,0,UgxYb0MzzniA2Aa1d5N4AaABAg,,A2rXxvQJGu4,"{""text"":""1gullykid my family did this""}",UgxYb0MzzniA2Aa1d5N4AaABAg
Ugxslyft0KW6jeKmFqR4AaABAg,UCbClSOItOom1IT8ZLKnZYEA,2019-08-25T05:59:08.92133+00:00,0,,,pEslK8PCQBs,"{""text"":""What song is playing at ""},{""text"":""12:19"",""videoLink"":{""externalVideoId"":""pEslK8PCQBs"",""startTimeSeconds"":739}}",
Ugx1QXcP2ozpIa8sHTl4AaABAg.8iqbgtrhArW8yvbmdmIUZA,UCbClSOItOom1IT8ZLKnZYEA,2019-08-22T05:38:33.0858+00:00,0,Ugx1QXcP2ozpIa8sHTl4AaABAg,,vQH7VgCWdTQ,"{""text"":""I GOT GRAAAAPES""}",Ugx1QXcP2ozpIa8sHTl4AaABAg
Ugxv52vdCH4lQ5uz6IF4AaABAg,UCbClSOItOom1IT8ZLKnZYEA,2019-08-19T18:39:09.344849+00:00,0,,,EGDUG2MPyGE,"{""text"":""much sugoi""}",
UgwyeqGGieeUNAB6PJZ4AaABAg,UCbClSOItOom1IT8ZLKnZYEA,2019-08-19T06:08:44.696289+00:00,0,,,KYF3M5eAkpA,"{""text"":""Can‚Äôt wait to try the food out""}",
Ugw49bf3qSLgcjA3hZh4AaABAg,UCbClSOItOom1IT8ZLKnZYEA,2019-08-16T18:19:08.055784+00:00,0,,,Oiwour9F6C4,"{""text"":""wow!! spoiling yourself is always nice. keep it up!!""}",
UgyzLcvNLiHmCEBj5WR4AaABAg,UCbClSOItOom1IT8ZLKnZYEA,2019-08-15T23:01:17.540692+00:00,0,,,23AsT84YhLY,"{""text"":""Swag bitch""}",
UgylUEX5smUKMHOSxsd4AaABAg,UCbClSOItOom1IT8ZLKnZYEA,2019-08-13T22:30:57.489224+00:00,0,,,Uvf1Dh0exuI,"{""text"":""Those are the hands of a Kai‚Äôsa player""}",
UgzHVTSE36Sqea262kJ4AaABAg,UCbClSOItOom1IT8ZLKnZYEA,2019-08-11T23:59:46.025739+00:00,0,,,LVZrJS_wRjc,"{""text"":""Getting better Khanh. I usually like sesame oil in my poke! Looks fire üî•""}",
UgzV67d7uC4wCwejmXh4AaABAg,UCbClSOItOom1IT8ZLKnZYEA,2019-08-11T02:00:50.823514+00:00,0,,,mF9pS9Fo4aE,"{""text"":""BOW""}",
Ugz9xuBPG5CnvnMZLkl4AaABAg.8xogDxvo7ew8y06njiPDBm,UCbClSOItOom1IT8ZLKnZYEA,2019-07-30T12:23:07.840156+00:00,0,Ugz9xuBPG5CnvnMZLkl4AaABAg,,JWhRVs6TIUg,"{""text"":""Makes me wonder if the culling buff for Lucian would make it so that Ashe, sivir, and Caitlyn are seen less in my games""}",Ugz9xuBPG5CnvnMZLkl4AaABAg
UgyzzP3FcQxabFXD20t4AaABAg.8wXokwAzcbz8wXz3Pk5Z9j,UCbClSOItOom1IT8ZLKnZYEA,2019-06-23T22:58:09.240177+00:00,0,UgyzzP3FcQxabFXD20t4AaABAg,,TG3skGk8Q-U,"{""text"":""Bobqin played for an academy team""}",UgyzzP3FcQxabFXD20t4AaABAg
UgyC-KTOQ-KC93ECbId4AaABAg,UCbClSOItOom1IT8ZLKnZYEA,2019-04-14T12:01:58.050858+00:00,0,,,bBts86dh2zQ,"{""text"":""Big step for the culture""}",
Ugwxy19U-cMd75P7h_F4AaABAg.8tawvP4uaU28tg_mDkWL6K,UCbClSOItOom1IT8ZLKnZYEA,2019-04-14T02:55:26.347451+00:00,0,Ugwxy19U-cMd75P7h_F4AaABAg.8tawvP4uaU28tbNCEVVQ8a,,7ikzMaEVVt8,"{""text"":""Rebel One I‚Äôm pretty sure he‚Äôs laughing cause you used the term wrong. It‚Äôs actually ‚Äòscapegoat‚Äô and not ‚Äòescape goat‚Äô lol""}",Ugwxy19U-cMd75P7h_F4AaABAg
UgwgkBKVPxNxUwkqjwd4AaABAg,UCbClSOItOom1IT8ZLKnZYEA,2019-04-10T09:25:51.684971+00:00,0,,,Yw9RQhLyJDY,"{""text"":""R.I.P Big Mister.""}",
UgwDek_m2lGU_22FrWV4AaABAg,UCbClSOItOom1IT8ZLKnZYEA,2019-04-07T23:53:43.431897+00:00,0,,,kSpkeCOXWYI,"{""text"":""Fire!!!""}",
UgwBe6aqqdl0XQX-VuR4AaABAg,UCbClSOItOom1IT8ZLKnZYEA,2019-04-07T02:55:31.010403+00:00,0,,,Qmt9Bzrf29k,"{""text"":""2020 new roaring 20's year of the Asians""}",
UgyY41OMpia3slrfdHN4AaABAg,UCbClSOItOom1IT8ZLKnZYEA,2019-04-07T02:01:21.407644+00:00,0,,,Syx8JS2Wdsg,"{""text"":""üî• üî•""}",
UgzaCY9G6jPPUPIWsG14AaABAg,UCbClSOItOom1IT8ZLKnZYEA,2019-04-05T05:48:59.119031+00:00,0,,,5A4mJxZs4c8,"{""text"":""9:41"",""videoLink"":{""externalVideoId"":""5A4mJxZs4c8"",""startTimeSeconds"":581}},{""text"":"" - Nobody -""},{""text"":""\n""},{""text"":""\n""},{""text"":""Casey: Fuck a job if I go broke somebody getting robbed ""},{""text"":""\n""},{""text"":""\n""},{""text"":""\n""},{""text"":""Blueface: ON THA DEADLOCS""}",
UgyodjdYIrmxAueTtjl4AaABAg,UCbClSOItOom1IT8ZLKnZYEA,2019-03-28T19:31:01.782258+00:00,0,,,Yw9RQhLyJDY,"{""text"":""Damn... crazy to see how lil mister‚Äôs legacy played out. One of the many faces of drill music, was apart of the war that put all eyes on Chicago in 2012, and contributed to bringing the words ‚Äúopp‚Äù and ‚Äúthot‚Äù to the industry. Some won‚Äôt understand the loss. Thank you for what you‚Äôve brought to the table. REST IN PARADISE Mr. No ‚ÄôLackin  üòáüôèüèº""}",
Ugw_66mVDT3k1Gr-HUl4AaABAg,UCbClSOItOom1IT8ZLKnZYEA,2019-03-26T00:48:25.674549+00:00,0,,UgwfK6Bp1ylgXpBOLHh4AaABCQ,,"{""text"":""beats are sick brotha can't wait""}",
Ugx4cp5_rpt75FkGzOd4AaABAg,UCbClSOItOom1IT8ZLKnZYEA,2019-03-20T08:12:43.598581+00:00,0,,,9LSyWM2CL-U,"{""text"":""From the unknown (oh oh oh)""},{""text"":""\n""},{""text"":""I ran away, I don't think I'm coming back home\r""},{""text"":""\n""},{""text"":""(Whoa-whoa-whoa-whoa-whoa-whoa\r)""},{""text"":""\n""},{""text"":""Like a crawlspace, it's a dark place I roam\r""},{""text"":""\n""},{""text"":""Ain't no right way, just the wrong way I know\r""},{""text"":""\n""},{""text"":""I problem solve with Styrofoam\r""},{""text"":""\n""},{""text"":""My world revolves around a black hole\r""},{""text"":""\n""},{""text"":""The same black hole that's in place of my soul, uh\r""},{""text"":""\n""},{""text"":""Empty, I feel so goddamn empty\r""},{""text"":""\n""},{""text"":""I may go rogue\r""},{""text"":""\n""},{""text"":""Don't tempt me, big bullet holes\r""},{""text"":""\n""},{""text"":""Tote semi-autos""}",
Ugx9MrghTDYSi6NAsrF4AaABAg,UCbClSOItOom1IT8ZLKnZYEA,2019-03-20T07:35:15.599655+00:00,0,,,iaS-DVxSulE,"{""text"":""so creative... keep it going brother!!!""}",
UgzeYJWCDwfRIpTBL5x4AaABAg,UCbClSOItOom1IT8ZLKnZYEA,2019-03-18T16:20:33.479219+00:00,0,,,Xq_coBo0shg,"{""text"":""Firep""}",
Ugw-TmBSmwtoi6YwkQt4AaABAg,UCbClSOItOom1IT8ZLKnZYEA,2019-03-14T17:02:41.6824+00:00,0,,,jDugyWRxtsg,"{""text"":""can i release a free track still :d""}",
UgyrgH4P0y_IL9DxgWx4AaABAg,UCbClSOItOom1IT8ZLKnZYEA,2019-03-14T02:29:30.019595+00:00,0,,,b0pTYBekVC0,"{""text"":""If this vid gets 50 likes I‚Äôm making an album!!!""}",
UgzjIUCI5NvfHt1PLUF4AaABAg.8sBVKOdJFIX8sOc8tUtZa6,UCbClSOItOom1IT8ZLKnZYEA,2019-03-12T21:39:10.91095+00:00,0,UgzjIUCI5NvfHt1PLUF4AaABAg,,ZC2bR13-Kqs,"{""text"":""Eduardo Macias my thoughts exactly""}",UgzjIUCI5NvfHt1PLUF4AaABAg
UgzqdxgkLxpcph3lDpJ4AaABAg,UCbClSOItOom1IT8ZLKnZYEA,2019-03-08T00:15:29.137745+00:00,0,,,Ko8z5wRyy_Q,"{""text"":""sounds like 51 dead opps""}",
UgzjIUCI5NvfHt1PLUF4AaABAg,UCbClSOItOom1IT8ZLKnZYEA,2019-03-07T19:20:43.474435+00:00,0,,,ZC2bR13-Kqs,"{""text"":""gives me california vibes. dig it""}",
UgzVnjKSUrLwqfzGB7h4AaABAg.8s4giQWWl3j8s6hWV5L0c8,UCbClSOItOom1IT8ZLKnZYEA,2019-03-05T22:39:45.92782+00:00,0,UgzVnjKSUrLwqfzGB7h4AaABAg,,Xa4QQ73M0es,"{""text"":""OMURICE - KICHIKICHI STYLE!!!!""}",UgzVnjKSUrLwqfzGB7h4AaABAg
Ugw1HEU2g37TNwll_AB4AaABAg,UCbClSOItOom1IT8ZLKnZYEA,2019-03-05T18:04:16.599409+00:00,0,,,l_sYkDE5OH0,"{""text"":""first slang that iron... now this gen z shit""}",
UgyFz3cWKE7yKBxhy3l4AaABAg,UCbClSOItOom1IT8ZLKnZYEA,2019-02-28T12:50:13.60755+00:00,0,,,8QjnkKYvIEE,"{""text"":""üî• from Sj""}",
UgybCL8WOZ7wuI-6nPB4AaABAg.8rnza6sW3628rrUGp3FSd4,UCbClSOItOom1IT8ZLKnZYEA,2019-02-27T15:27:26.665369+00:00,0,UgybCL8WOZ7wuI-6nPB4AaABAg,,OC7cNS0GINo,"{""text"":""ecast14 is my sentence still wrong? LOL""}",UgybCL8WOZ7wuI-6nPB4AaABAg
Ugz7fDglILVJ4GJFgQZ4AaABAg,UCbClSOItOom1IT8ZLKnZYEA,2019-02-27T15:26:08.75553+00:00,0,,,vUnG-dEF3yk,"{""text"":""Fire""}",
UgzERPIjhPznv4QulzV4AaABAg,UCbClSOItOom1IT8ZLKnZYEA,2019-02-27T15:25:22.743972+00:00,0,,,ySB9ShBVJYI,"{""text"":""Flames""}",
UgybCL8WOZ7wuI-6nPB4AaABAg,UCbClSOItOom1IT8ZLKnZYEA,2019-02-26T06:52:52.593883+00:00,0,,,OC7cNS0GINo,"{""text"":""if korean rap was in english this is what it sounds like. cool""}",
UgwFzm2kSXu9Kb8QqHB4AaABAg,UCbClSOItOom1IT8ZLKnZYEA,2019-02-22T17:35:23.549315+00:00,0,,,gJRGkvNqrY4,"{""text"":""This is the most j cole version of lil pump.. he‚Äôs spitting straight facts lol""}",
UgzSKxQShgIFuXvnn1h4AaABAg,UCbClSOItOom1IT8ZLKnZYEA,2019-02-21T09:22:34.9414+00:00,0,,,U4V47G4Ygg8,"{""text"":""Bout time video dropped""}",
Ugy4mE2fzfA1fKSs4lB4AaABAg,UCbClSOItOom1IT8ZLKnZYEA,2019-02-18T08:05:37.568047+00:00,0,,,dtWRvzA0SoM,"{""text"":""in vietnamese marinades you need three staple ingredients in terms of aromdatics:""},{""text"":""\n""},{""text"":""\n""},{""text"":""1) Garlic""},{""text"":""\n""},{""text"":""2) Giner""},{""text"":""\n""},{""text"":""3) Scallion""},{""text"":""\n""},{""text"":""\n""},{""text"":""you missed a couple and in terms of spice I think sambal would be a better choice than sriracha!""}",
Ugz8-xLN_g_ROY_Lrxl4AaABAg,UCbClSOItOom1IT8ZLKnZYEA,2019-02-13T02:26:00.580368+00:00,0,,,5r3vQPRpcwc,"{""text"":""Yellow shit""}",
UgwlmuhKuY4h-_ymyLd4AaABAg.8qLRfwgZ6lA8r0eeidw6ge,UCbClSOItOom1IT8ZLKnZYEA,2019-02-06T17:47:58.449003+00:00,0,UgwlmuhKuY4h-_ymyLd4AaABAg,,6IZzTtIT86M,"{""text"":""He said clarified and said prosciutto after""}",UgwlmuhKuY4h-_ymyLd4AaABAg
UgxN8RZVoMPyigbUg9p4AaABAg,UCbClSOItOom1IT8ZLKnZYEA,2019-02-05T06:24:18.886176+00:00,0,,,UgYd1b5mkFI,"{""text"":""Filipinos, Cambodians, Samoans, Vietnamese people usually crippin. Hmong and chinese usually bloods""}",
UgwzIpBYI8pDK-ZVKPB4AaABAg,UCbClSOItOom1IT8ZLKnZYEA,2019-01-23T16:54:57.497715+00:00,0,,,hyuF6VXxw_4,"{""text"":""Matt stonie got nothing on this mantis""}",
Ugy5s_VwieO4CWIwDWx4AaABAg,UCbClSOItOom1IT8ZLKnZYEA,2019-01-12T16:28:34.911407+00:00,0,,,6qCQs_90VBU,"{""text"":""Damn durk got a collab vid with Laka!! If y‚Äôall don‚Äôt know laka films durk‚Äôs opps so music too. this seems like a big step forward""}",
Ugyi-VrwmzIa9igPv8t4AaABAg,UCbClSOItOom1IT8ZLKnZYEA,2019-01-04T20:45:49.266222+00:00,0,,,tAtMn2vjvQc,"{""text"":""just fyi ghost, autobiography means that the person wrote it themselves. that technically means its from malcolm x. biography mean someone else wrote it""}",
UgwM-czH3EJdhtPSVqJ4AaABAg.8p7mKHVGx2k8pSiDKP0ZmZ,UCbClSOItOom1IT8ZLKnZYEA,2018-12-29T22:14:59.814466+00:00,0,UgwM-czH3EJdhtPSVqJ4AaABAg,,2ub0aCEOYnk,"{""text"":""2100 iq savage""}",UgwM-czH3EJdhtPSVqJ4AaABAg
UgxvuRdpoazVt4ffhk54AaABAg,UCbClSOItOom1IT8ZLKnZYEA,2018-12-27T21:30:55.673486+00:00,0,,,2MYZ2wUOmnA,"{""text"":""we grew up in the hood even stayed together\r""},{""text"":""\n""},{""text"":""just know that its all good and it‚Äôll get much better\r""},{""text"":""\n""},{""text"":""used to play wit machetes now got two barettas\r""},{""text"":""\n""},{""text"":""you backstabbed me for what only got some chedda\r""},{""text"":""\n""},{""text"":""\r""},{""text"":""\n""},{""text"":""and I don‚Äôt hate you I just know what you be thinking bout\r""},{""text"":""\n""},{""text"":""say you my brotha but never step back to hear me out\r""},{""text"":""\n""},{""text"":""you say that I changed just to get some clout\r""},{""text"":""\n""},{""text"":""but this clout gave you change when you were in a drought\r""},{""text"":""\n""},{""text"":""\r""},{""text"":""\n""},{""text"":""people say that love is pain well I need loyalty\r""},{""text"":""\n""},{""text"":""you is my  brother so I got you just like royalty\r""},{""text"":""\n""},{""text"":""it‚Äôs just a shame how you went out disappointed me\r""},{""text"":""\n""},{""text"":""changed on the gang told the cops and then appointed em\r""},{""text"":""\n""},{""text"":""\r""},{""text"":""\n""},{""text"":""they couldn‚Äôt prove a thing I came from dirt \r""},{""text"":""\n""},{""text"":""can‚Äôt understand my pain feelin like squidward\r""},{""text"":""\n""},{""text"":""my mind is going insane I gotta live first\r""},{""text"":""\n""},{""text"":""hate how you turned on me this feeling is the worst""}",
Ugw--mPNzxJpMeMxZUt4AaABAg.8pIINIT_YkW8pJ5MwfKMDr,UCbClSOItOom1IT8ZLKnZYEA,2018-12-26T04:33:37.163118+00:00,0,Ugw--mPNzxJpMeMxZUt4AaABAg,,vdk-AIqH46w,"{""text"":""sound like peeri awdt""}",Ugw--mPNzxJpMeMxZUt4AaABAg
UgxNqeHZPw280EDNzqp4AaABAg.8p8ZnnV6bFh8p8j6lL7UM3,UCbClSOItOom1IT8ZLKnZYEA,2018-12-22T03:58:01.670602+00:00,0,UgxNqeHZPw280EDNzqp4AaABAg.8p8ZnnV6bFh8p8bwWBALlM,,EL7vOWa65n0,"{""text"":""Skorpion og woods in the air but we boutta run so we smoke it all""}",UgxNqeHZPw280EDNzqp4AaABAg
UgyYF_8NmXD4oTRrd6x4AaABAg.8p8-rI1_3va8p8Q-NGKetG,UCbClSOItOom1IT8ZLKnZYEA,2018-12-22T01:02:15.381129+00:00,0,UgyYF_8NmXD4oTRrd6x4AaABAg,,JVGXlYl3Yjo,"{""text"":""Z‚Äôs up till I freeze up""}",UgyYF_8NmXD4oTRrd6x4AaABAg
UgyxpGZj_fyhJswsc1p4AaABAg,UCbClSOItOom1IT8ZLKnZYEA,2018-12-19T17:14:30.019998+00:00,0,,,2qbMBncJ8Ng,"{""text"":""Thought it was b lou in the thumbnail but nice work on the song, enjoyed that shit""}",
UgwTTMcEJaTDsxtRxIl4AaABAg,UCbClSOItOom1IT8ZLKnZYEA,2018-12-18T16:33:43.88588+00:00,0,,,SEyCaLnhX7Q,"{""text"":""make america crip again""}",
UgzZWbjz4bFujAQ309F4AaABAg,UCbClSOItOom1IT8ZLKnZYEA,2018-12-17T15:35:51.992503+00:00,0,,,41zC4j3M-Xk,"{""text"":""if you watch it in 480p it looks like one of those classic old school music videos lol""}",
Ugw3iiKDA9SP7o1dK7l4AaABAg,UCbClSOItOom1IT8ZLKnZYEA,2018-12-13T15:11:29.483474+00:00,0,,,pDImNWEYLFs,"{""text"":""Make America Crip again""}",
Ugy4l-sKK2VpqyO_id14AaABAg.8oQIRM_bZ118onkbsJ6aFW,UCbClSOItOom1IT8ZLKnZYEA,2018-12-13T15:07:51.4367+00:00,0,Ugy4l-sKK2VpqyO_id14AaABAg,,pDImNWEYLFs,"{""text"":""California accent, tbh my voice sound similar lmao""}",Ugy4l-sKK2VpqyO_id14AaABAg
UgyWVD4wGYqdBz-R35N4AaABAg,UCbClSOItOom1IT8ZLKnZYEA,2018-12-13T14:55:20.229529+00:00,0,,,YC8NmE3H-zs,"{""text"":""This shit hard""}",
UgzKnd5QQ49aXLuSYrp4AaABAg.8o74oFi8mS88ojR2KK92_w,UCbClSOItOom1IT8ZLKnZYEA,2018-12-11T22:51:08.528196+00:00,0,UgzKnd5QQ49aXLuSYrp4AaABAg,,2ssQUg5H-tg,"{""text"":""He said 32 oz tail so roughly a 2 lb tail look it up on google or your local Costco""}",UgzKnd5QQ49aXLuSYrp4AaABAg
UgxojynYHCXYIdj0z5F4AaABAg.8d-6SsPOskg8oJuqgOa0ip,UCbClSOItOom1IT8ZLKnZYEA,2018-12-01T15:40:48.317029+00:00,0,UgxojynYHCXYIdj0z5F4AaABAg,,4BWN9nAZ-YM,"{""text"":""Sound like ‚Äògirl shake that laffytaffy‚Äô""}",UgxojynYHCXYIdj0z5F4AaABAg
UgxXE2snkUXWANXwwg94AaABAg,UCbClSOItOom1IT8ZLKnZYEA,2018-11-28T20:31:48.376361+00:00,0,,,mm9yf5qRjZs,"{""text"":""What‚Äôs the sample of the song I know but I completely forgot where it‚Äôs from. Anyone know??""}",
UgxUqaaAJa8c7mltYLR4AaABAg,UCbClSOItOom1IT8ZLKnZYEA,2018-11-26T20:02:15.750301+00:00,0,,,rbF_mey-KF8,"{""text"":""this shit is hard""}",
Ugwcf6zvt8oCrbUdJxd4AaABAg,UCbClSOItOom1IT8ZLKnZYEA,2018-11-26T04:58:00.289441+00:00,0,,,i_0QDZw1FUA,"{""text"":""Let me win Sam!! You‚Äôre ballin please bless me one yome""}",
Ugz9VTmM7peuC-EJDN54AaABAg.8ncgXM-HzKl8o24oTzyrQ_,UCbClSOItOom1IT8ZLKnZYEA,2018-11-24T17:30:17.60466+00:00,0,Ugz9VTmM7peuC-EJDN54AaABAg,,U5kEzxOb-3c,"{""text"":""Wakanda forever""}",Ugz9VTmM7peuC-EJDN54AaABAg
UgzC8lXr2XExShUZsdh4AaABAg,UCbClSOItOom1IT8ZLKnZYEA,2018-11-24T17:26:54.124285+00:00,0,,,ZC5C7FlitRo,"{""text"":""Sounds like rooga - member""}",
UgzmQRrao8LAkhtgWNZ4AaABAg.8nsUCdD1CDx8nuidzixPPo,UCbClSOItOom1IT8ZLKnZYEA,2018-11-21T11:33:57.65148+00:00,0,UgzmQRrao8LAkhtgWNZ4AaABAg,,rqJj7iv_jNM,"{""text"":""Big facts""}",UgzmQRrao8LAkhtgWNZ4AaABAg
UgyyHaGgIz_hO3r0ygJ4AaABAg,UCbClSOItOom1IT8ZLKnZYEA,2018-11-06T21:43:45.733083+00:00,0,,,4BWN9nAZ-YM,"{""text"":""sound like girl shake that laffy taffy""}",
UgxI2DN3DN4mqgdHd-94AaABAg.8n4lXTggDUG8nIhKJsjFtY,UCbClSOItOom1IT8ZLKnZYEA,2018-11-06T07:52:01.142485+00:00,0,UgxI2DN3DN4mqgdHd-94AaABAg,,bESYPd3-r1w,"{""text"":""Marcos Martinez LAMA*""}",UgxI2DN3DN4mqgdHd-94AaABAg
UgyEa1ghVgMmkCWGFyN4AaABAg.8mghDRL1jMn8msv6IUfhMF,UCbClSOItOom1IT8ZLKnZYEA,2018-10-26T22:12:56.654042+00:00,0,UgyEa1ghVgMmkCWGFyN4AaABAg,,M7Aa79dlNvU,"{""text"":""Call him Shaka zulu""}",UgyEa1ghVgMmkCWGFyN4AaABAg
Ugx9zx2HO_25u0foNyN4AaABAg.8mJTFUnfsHp8msuljRRngz,UCbClSOItOom1IT8ZLKnZYEA,2018-10-26T22:10:00.019956+00:00,0,Ugx9zx2HO_25u0foNyN4AaABAg.8mJTFUnfsHp8mJXL_GB8pv,,cosXtf1NW8k,"{""text"":""MANIAC FILMZ that‚Äôs nice of you not hating just some criticism""}",Ugx9zx2HO_25u0foNyN4AaABAg
UgyzEj_9hpD3gSLImA54AaABAg,UCbClSOItOom1IT8ZLKnZYEA,2018-10-25T16:19:01.666374+00:00,0,,,evK-mOBP4As,"{""text"":""believe it or not this guy was a well known sushi-chef amongst other sushi chefs I‚Äôve worked with in the San Jose area. The ‚Äòaxe‚Äô and ‚Äòpipe‚Äô he was holding was nothing more than his expensive sushi knives. Maybe he didn‚Äôt comply because he was under the influence of something but he did no harm to the cops... it seemed he only wanted to walk away... my friends are hurting badly because of this and it‚Äôs very sad to see... May you Rest In Peace""}",
UgxdVK7ajctMPndb0JB4AaABAg,UCbClSOItOom1IT8ZLKnZYEA,2018-10-23T20:37:04.051832+00:00,0,,,qux7UrZWVRE,"{""text"":""damn good ass video production.. good visuals and editing.. get out the hood""}",
UgxwJ_H4k3T4sm79qFJ4AaABAg,UCbClSOItOom1IT8ZLKnZYEA,2018-10-22T05:56:50.687689+00:00,0,,,87JXmbK53sY,"{""text"":""haven't heard that traksurg shit since 800 diddy grove boyz... throwback""}",
UgxHwyqvLJ_3WWlK1IV4AaABAg,UCbClSOItOom1IT8ZLKnZYEA,2018-10-14T17:54:35.806494+00:00,0,,,FLqvTE1Eqfg,"{""text"":""They look smoothed out like xs max""}",
UgxXYKBTMweDSKYDQfx4AaABAg,UCbClSOItOom1IT8ZLKnZYEA,2018-10-12T19:39:08.833967+00:00,0,,,H6dv6G1FWxk,"{""text"":""I do agree that rape culture is a myth in society, but there are probably a few sick and twisted individuals that practice things that define rape culture. For example maybe a group of fraternity people ganging up on one girl and encouraging each other to do it. Or doing it as a gang initiation. Maybe not openly but there probably are some people who practice to an extent""}",
Ugx9zx2HO_25u0foNyN4AaABAg,UCbClSOItOom1IT8ZLKnZYEA,2018-10-12T18:28:08.295578+00:00,0,,,cosXtf1NW8k,"{""text"":""good editing and visuals but shitty camera quality""}",
UgyMcGp8aZabc-OrBOZ4AaABAg,UCbClSOItOom1IT8ZLKnZYEA,2018-10-08T08:42:00.918807+00:00,0,,,TNMMYzPrWQQ,"{""text"":""this song grew on me lol""}",
Ugy6421CngQidK1Y4b54AaABAg,UCbClSOItOom1IT8ZLKnZYEA,2018-10-02T07:25:19.001789+00:00,0,,,mtiptzWUqnQ,"{""text"":""Came here for ski mask... got slump god lol jk. Good deck broski""}",
Ugwq7lmMyWqFRoy8XLh4AaABAg.8lsOVxZd6p08lsObihUxSG,UCbClSOItOom1IT8ZLKnZYEA,2018-10-01T20:48:52.846058+00:00,0,Ugwq7lmMyWqFRoy8XLh4AaABAg,,6e2k9LQSOzc,"{""text"":""hook is fire summer vibes""}",Ugwq7lmMyWqFRoy8XLh4AaABAg
Ugwq7lmMyWqFRoy8XLh4AaABAg,UCbClSOItOom1IT8ZLKnZYEA,2018-10-01T20:47:57.642042+00:00,0,,,6e2k9LQSOzc,"{""text"":""needs more views shit is hot""}",
UgwqZPJOWWOteKg8S054AaABAg,UCbClSOItOom1IT8ZLKnZYEA,2018-10-01T03:59:46.861443+00:00,0,,,fJhLv6rpmws,"{""text"":""Before in 2005 for barrows, people would normally walk back the way they came in order to get more trips in one inventory!""}",
UgzJzrCGwqo3Y3-7CKp4AaABAg,UCbClSOItOom1IT8ZLKnZYEA,2018-09-29T17:14:48.732101+00:00,0,,,T7Z4vbVWZME,"{""text"":""How is your game so smooth?? Like you can see every frame lol""}",
UgxBjWNPRX0rz9znbFZ4AaABAg.8lFVbdC7E9c8l_fo1wWajt,UCbClSOItOom1IT8ZLKnZYEA,2018-09-24T14:22:16.705355+00:00,0,UgxBjWNPRX0rz9znbFZ4AaABAg.8lFVbdC7E9c8lZx5iIkjCq,,TNMMYzPrWQQ,"{""text"":""awd protege look up ybn day day Draco""}",UgxBjWNPRX0rz9znbFZ4AaABAg
UgxBjWNPRX0rz9znbFZ4AaABAg,UCbClSOItOom1IT8ZLKnZYEA,2018-09-16T09:00:25.115124+00:00,0,,,TNMMYzPrWQQ,"{""text"":""computers was harder""}",
Ugzzu6L4nriIcD_I-JB4AaABAg,UCbClSOItOom1IT8ZLKnZYEA,2018-09-03T04:46:46.646298+00:00,0,,,F94rVAImLjQ,"{""text"":""Tomorrow is Labor Day so what kind of feast cause it be?? A holiday feast? Hmong ? Lol""}",
UgwOY1w9PfD025VR4V54AaABAg,UCbClSOItOom1IT8ZLKnZYEA,2018-08-17T17:58:28.630673+00:00,0,,,nAh3D0bYdE0,"{""text"":""drink everytime he says on chino""}",
Ugy2KBhMV2WeZo7e1jd4AaABAg,UCbClSOItOom1IT8ZLKnZYEA,2018-08-17T00:56:46.957761+00:00,0,,,YwphPXrIIAI,"{""text"":""was late to the notification squad but i was working... ""},{""text"":""\n""},{""text"":""\n""},{""text"":""ign: litm8""}",
Ugx1A0Njkdlg7rdLNaF4AaABAg,UCbClSOItOom1IT8ZLKnZYEA,2018-08-15T16:03:05.579811+00:00,0,,,OMriyVVhP40,"{""text"":""Thought this was gonna be a plug walk remix""}",
Ugx1rz-g5h0pK5sjPhd4AaABAg,UCbClSOItOom1IT8ZLKnZYEA,2018-08-14T17:38:14.862964+00:00,0,,,Rw_zvT2LGps,"{""text"":""cool contacts brah... scary look""},{""text"":""\n""},{""text"":""\n""},{""text"":""IGN: litm8""}",
UgzVK3-bWvcPklVLasl4AaABAg,UCbClSOItOom1IT8ZLKnZYEA,2018-08-03T04:55:32.689344+00:00,0,,,DRS_PpOrUZ4,"{""text"":""Here before 100 mil""}",
UgwjY6A3479lpCrIoWp4AaABAg,UCbClSOItOom1IT8ZLKnZYEA,2018-07-19T19:49:08.760543+00:00,0,,,mM20o-hFt3I,"{""text"":""When butter melts it splits into two parts. The white murkey part you're talking about is the whey protein. The other part is the golden part which is clarified butter!""}",
UgzMWmoCEXqP1O8lJ154AaABAg,UCbClSOItOom1IT8ZLKnZYEA,2018-07-12T18:25:30.830113+00:00,0,,,Qvsp_6COWKQ,"{""text"":""arlington huh... was he taken in for tay-k's situation??""}",
UgyJ8Dk8ZeJqLwnAxgF4AaABAg,UCbClSOItOom1IT8ZLKnZYEA,2018-07-12T18:18:55.616498+00:00,0,,,d8ayYlhkarU,"{""text"":""did he just say, \""bitches on my dick like a fungi\"" ????""}",
UgxMncIR63zmJcuVgD14AaABAg,UCbClSOItOom1IT8ZLKnZYEA,2018-07-07T00:05:39.218228+00:00,0,,,FayGQYszBJY,"{""text"":""is this the same guy on americas got talent""}",
UgwLQMNmMRD739Zeodl4AaABAg,UCbClSOItOom1IT8ZLKnZYEA,2018-07-01T18:15:36.787837+00:00,0,,,Lwo8TjcP0OM,"{""text"":""He say alright we got a Draco we finna burn yo shit""}",
UgwsxuBJy4-ipzjKjJl4AaABAg,UCbClSOItOom1IT8ZLKnZYEA,2018-07-01T17:56:00.09837+00:00,0,,,Kn_4YN4JzDI,"{""text"":""Where lit baby""}",
UgxFhpGwi_Xazcybv154AaABAg,UCbClSOItOom1IT8ZLKnZYEA,2018-06-25T00:19:12.649851+00:00,0,,,BOQ-wZQhZZo,"{""text"":""oh shit its killmonger""}",
UgylvPGtA9e_ikriLNB4AaABAg,UCbClSOItOom1IT8ZLKnZYEA,2018-06-23T03:04:18.727247+00:00,0,,,XLt826x_EhU,"{""text"":""VERY RARE!""}",
UgzYMJOGW6A-_WHxLpx4AaABAg,UCbClSOItOom1IT8ZLKnZYEA,2018-06-21T12:17:33.595422+00:00,0,,,IdjLOHYZjQU,"{""text"":""lowkey fk wit the chorus""}",
Ugw-2pWEECPZh_XhLbd4AaABAg,UCbClSOItOom1IT8ZLKnZYEA,2018-06-19T14:16:16.09501+00:00,0,,,meC1mlArMTE,"{""text"":""cold""}",
UgzbQ4jcqa4hSchp4CV4AaABAg,UCbClSOItOom1IT8ZLKnZYEA,2018-06-18T12:30:49.38279+00:00,0,,,BYZNP9IPN5U,"{""text"":""‚ÄúWho wants to do lines?‚Äù""},{""text"":""\n""},{""text"":""\n""},{""text"":""‚ÄúLet‚Äôs do lines!!‚Äù ""},{""text"":""\n""},{""text"":""\n""},{""text"":""Me: where the cocaine""}",
UgyGczfY-eTACTIahTF4AaABAg,UCbClSOItOom1IT8ZLKnZYEA,2018-06-18T12:10:11.588263+00:00,0,,,0V9Tya527QI,"{""text"":""Fancy sloppy joe""}",
UgwZJ5K9or7irWXsOch4AaABAg,UCbClSOItOom1IT8ZLKnZYEA,2018-06-07T04:49:36.727932+00:00,0,,,A7HBCQwJcTs,"{""text"":""2018""}",
UgxuDWisssCkWakQcuh4AaABAg.8gsqaRdHvU-8gtdPtoH4Oj,UCbClSOItOom1IT8ZLKnZYEA,2018-05-31T01:49:12.577131+00:00,0,UgxuDWisssCkWakQcuh4AaABAg,,RzfAX6z5sJk,"{""text"":""How is it ruined 0.0""}",UgxuDWisssCkWakQcuh4AaABAg
Ugx2DAOUgRl-k_p-dHd4AaABAg,UCbClSOItOom1IT8ZLKnZYEA,2018-05-24T07:09:48.413073+00:00,0,,,anm4W8aqOsY,"{""text"":""is that the same girl from the zias video?""}",
UgxJV_ITRk0QBh3bAM54AaABAg,UCbClSOItOom1IT8ZLKnZYEA,2018-05-10T09:14:20.705671+00:00,0,,,5m_YFSec17g,"{""text"":""What is the name of the instrumentals in the background ?""}",
UgzykKls3wCEYgDXNwl4AaABAg,UCbClSOItOom1IT8ZLKnZYEA,2018-05-08T09:25:57.675703+00:00,0,,,Jk2AeEEiHRA,"{""text"":""Damn zz posted a vid on main channel""}",
UgwVrG2WHy8uTzpda6x4AaABAg,UCbClSOItOom1IT8ZLKnZYEA,2018-05-06T01:49:38.302603+00:00,0,,,bgrQUluVrj0,"{""text"":""now weed is legal in california""}",
Ugyr1PHU6jJKbajurHV4AaABAg.8YtciVvLTSz8fqzuDRCC92,UCbClSOItOom1IT8ZLKnZYEA,2018-05-05T04:36:36.53546+00:00,0,Ugyr1PHU6jJKbajurHV4AaABAg,,WsCIYSoLoPI,"{""text"":""you a opp""}",Ugyr1PHU6jJKbajurHV4AaABAg
Ugx4ph_pbAD2-3iipiZ4AaABAg,UCbClSOItOom1IT8ZLKnZYEA,2018-05-04T09:49:15.865272+00:00,0,,,3xiARSYWD78,"{""text"":""58 people think paprika is spicy""}",
UgwVydDfiVKLpNyE6dJ4AaABAg,UCbClSOItOom1IT8ZLKnZYEA,2018-05-02T08:44:20.775163+00:00,0,,,4KYpfxw2juc,"{""text"":""Sam I been binge watching your vids and the progress in production over the years is phenomenal. Not only that your kitchen is baller as hell! I aspire to have at least half of your kitchen when I get older. Keep up the good work my dude you earned a new sub.""}",
Ugzsi4zCu-uJVyq1nhZ4AaABAg,UCbClSOItOom1IT8ZLKnZYEA,2018-05-01T04:48:02.518109+00:00,0,,,x3TqlVGtx-k,"{""text"":""dude this guy is ballin""}",
Ugyuw2y3jbV_X8OGaNB4AaABAg,UCbClSOItOom1IT8ZLKnZYEA,2018-04-30T17:42:30.799874+00:00,0,,,eo3Jb6AtvHM,"{""text"":""‚ÄòWe slide through your block in an audi‚Äô pulls up in a grocery cart""}",
UgxMj-75tT5GVz7VnK14AaABAg,UCbClSOItOom1IT8ZLKnZYEA,2018-04-21T04:06:41.957643+00:00,0,,,n7hw5jmD32k,"{""text"":""AYEE!!! not sure if you read my comment and took the suggestion but thanks! :-)""}",
UgzsySAm3QvZU-cGko54AaABAg,UCbClSOItOom1IT8ZLKnZYEA,2018-03-31T02:42:19.042248+00:00,0,,,YLlTXGiHf0M,"{""text"":""can you please do a 4/20 feast. I know you don't smoke weed but make a munchie feast for your marijuana user subscribers! !! ""},{""text"":""not me""}",
UgwwFJWGZmnJzjhOvs14AaABAg,UCbClSOItOom1IT8ZLKnZYEA,2018-03-29T17:38:38.42214+00:00,0,,,gqhu8dBZMdI,"{""text"":""gyutan is actually japanese. I believe the korean way to say beef tongue is woosul""}",
Ugy27cQgKRw33gHxzgp4AaABAg,UCbClSOItOom1IT8ZLKnZYEA,2018-03-23T23:28:58.343441+00:00,0,,,YZpdMBYmkeA,"{""text"":""So this is where kevjumba went""}",
Ugw5vtClzpsNB-cN0nB4AaABAg,UCbClSOItOom1IT8ZLKnZYEA,2018-03-10T17:01:20.371054+00:00,0,,,Fi4YmLiC18E,"{""text"":""YOUNG PUT ASIANS ON THE MAP ""},{""text"":""\n""},{""text"":""\n""},{""text"":""Having a song with lil durk means legit street credit""},{""text"":""\n""},{""text"":""\n""},{""text"":""Edit: What I mean is as Asian hip hop artist/gangster. Some out of state people probably won't take him seriously and stereotype. It's a fact being an Asian in America, especially with all the bullshit going on rn in our community.""}",
Ugw2DoGMKUs87fHO3sx4AaABAg,UCbClSOItOom1IT8ZLKnZYEA,2018-02-28T01:46:26.535793+00:00,0,,,WNRZGOx5aaw,"{""text"":""That drake flow heat on this track""}",
UgzC4NIMLDyJbtLlioh4AaABAg,UCbClSOItOom1IT8ZLKnZYEA,2018-02-21T07:41:12.524451+00:00,0,,,PPHJWLxz7jA,"{""text"":""Instrumental sound like whatchu doin - trouble""}",
UgwgrRfhyNWmufT0giJ4AaABAg,UCbClSOItOom1IT8ZLKnZYEA,2018-01-31T04:55:53.582438+00:00,0,,,IaVsvG567Qk,"{""text"":""3rd""}",
Ugzv9mAO31WkolHpD0l4AaABAg,UCbClSOItOom1IT8ZLKnZYEA,2018-01-22T00:35:19.682709+00:00,0,,,TYiK6a2wejw,"{""text"":""i go to this in n out""}",
UgyWQEWDg2TAh-VaQcd4AaABAg,UCbClSOItOom1IT8ZLKnZYEA,2018-01-21T19:08:53.771741+00:00,0,,,JeKxkU5ei5c,"{""text"":""First""}",
UgwtBlEIP8suWe56h5J4AaABAg,UCbClSOItOom1IT8ZLKnZYEA,2017-12-30T13:56:50.241325+00:00,0,,,ho3ewHISMi0,"{""text"":""The level 1 Jax bug at dragon I abused the hell out of. When dragon was free assist for whole team""}",
Ugx3aMkCHHzjfJK2V8F4AaABAg,UCbClSOItOom1IT8ZLKnZYEA,2017-12-17T20:59:57.98858+00:00,0,,,_YctgmLXvD4,"{""text"":""turn into a fitness channel and go from fat to fit in honor of grandpa""}",
UgziT5dOJXNbX5NvQll4AaABAg,UCbClSOItOom1IT8ZLKnZYEA,2017-12-01T18:29:04.086717+00:00,0,,,xXP9xBgTFv8,"{""text"":""Song should be called no melody cause this instrumental is straight 808s lol""}",
UgzcZ9jk-8q_PBhmDcF4AaABAg,UCbClSOItOom1IT8ZLKnZYEA,2017-10-15T17:10:43.48721+00:00,0,,,cwNMEpheB4M,"{""text"":""Real Vietnamese OG""}",
UgwwbhRFimvpyvTwANR4AaABAg,UCbClSOItOom1IT8ZLKnZYEA,2017-09-30T14:21:46.336001+00:00,0,,,udXYsUX71GE,"{""text"":""Bro I have the same glasses... Burberry eh ? Good look""}",
Ugzr8QoWJqm_dek8nmN4AaABAg,UCbClSOItOom1IT8ZLKnZYEA,2017-08-23T16:48:02.90054+00:00,0,,,pcFI_dJBjy8,"{""text"":""Quick question quang: In previous video you said you do these videos in the morning then go to work at night. Now that you're blowing up do you still work your job??""}",
UgywMSSvmBzrGy1bwd94AaABAg,UCbClSOItOom1IT8ZLKnZYEA,2017-08-17T07:38:11.785767+00:00,0,,,hTYe_q5SAx4,"{""text"":""is nba worldwide cause nba youngboy isnt from the same set ?\u003e""}",
UgzCjwfA9MNNS9ruS7Z4AaABAg,UCbClSOItOom1IT8ZLKnZYEA,2017-08-17T05:02:40.264526+00:00,0,,,dDHzOrssz90,"{""text"":""theres 2 types of chicken eaters... one who cleans the bone and this""}",
Ugyuq-1B-GjiO8obH4x4AaABAg.8W0ClzDEGoc8WLCAi7m3Pq,UCbClSOItOom1IT8ZLKnZYEA,2017-08-16T21:43:42.973872+00:00,0,Ugyuq-1B-GjiO8obH4x4AaABAg,,ipM9SkIkwCY,"{""text"":""although the lyrics are simple, its something that this guy has been through and people feel it. not only that it is actually a lot more different than other upcoming hip hop artists""}",Ugyuq-1B-GjiO8obH4x4AaABAg





